Mateusz,Kowalski,2019-02-02
Tomek,Kas,1999-08-08
Tomek,Kas,1982-02-25
Tomek,Nowak,1981-01-05
Krystian,Abramowicz,1996-09-23
Krystian,Kowalski,2012-01-29
Ewa,Abramowicz,2014-11-19
Ewa,Lis,1977-07-22
Ewa,Kowalski,1990-04-25
Ewa,Kas,1982-09-22
Ania,Abramowicz,1996-03-19
Ewa,Kowalski,2020-10-18
Ewa,Kowalski,1974-12-24
Krystian,Kowalski,2006-01-27
Mateusz,Kowalski,2020-06-18
Ewa,Kowalski,1981-10-06
Krystian,Abramowicz,2015-06-06
Tomek,Nowak,2019-06-26
Tomek,Kowalski,2007-10-05
Ania,Nowak,1993-11-22
Krystian,Lis,2006-06-09
Ewa,Lis,1963-10-27
Tomek,Lis,2016-11-08
Tomek,Nowak,2020-04-21
Krystian,Kas,1990-06-30
Tomek,Kowalski,1991-01-31
Ewa,Kas,2007-02-03
Ewa,Kas,1984-07-17
Ania,Lis,1979-11-25
Mateusz,Nowak,1963-02-24
Mateusz,Nowak,1993-01-02
Ania,Abramowicz,2020-03-20
Ania,Kowalski,2012-08-02
Tomek,Kowalski,1984-08-01
Ania,Kowalski,1980-09-09
Mateusz,Abramowicz,2013-07-15
Krystian,Lis,1984-06-17
Mateusz,Kas,2017-07-26
Tomek,Abramowicz,2010-05-23
Mateusz,Abramowicz,1985-04-09
Tomek,Lis,1960-04-25
Ewa,Abramowicz,2018-06-14
Ewa,Abramowicz,1997-09-20
Ania,Nowak,1989-03-14
Tomek,Kas,2012-09-24
Ewa,Lis,2004-08-11
Ania,Kowalski,1995-09-27
Ania,Abramowicz,1987-05-02
Ania,Nowak,2006-12-27
Ania,Abramowicz,2021-05-04
Krystian,Lis,1965-06-16
Tomek,Nowak,1961-03-24
Tomek,Nowak,2013-12-04
Tomek,Abramowicz,1962-05-20
Krystian,Nowak,1966-07-24
Ewa,Lis,1972-08-06
Ewa,Nowak,1973-01-13
Ewa,Abramowicz,1983-04-15
Krystian,Kas,1960-11-07
Krystian,Nowak,1996-11-24
Ania,Abramowicz,1974-11-25
Ewa,Nowak,1999-03-08
Tomek,Kas,1960-11-15
Ania,Nowak,2015-02-02
Mateusz,Kas,1977-01-16
Mateusz,Abramowicz,1971-01-07
Ewa,Abramowicz,1999-05-07
Krystian,Abramowicz,2018-04-27
Tomek,Kas,2012-05-14
Ewa,Lis,1966-10-10
Tomek,Nowak,2005-08-29
Krystian,Lis,2018-01-25
Krystian,Lis,1973-05-30
Tomek,Lis,1979-11-20
Ania,Kowalski,2010-06-17
Mateusz,Abramowicz,1965-11-10
Ewa,Nowak,2012-03-11
Krystian,Lis,1979-02-11
Krystian,Abramowicz,1987-10-28
Krystian,Kowalski,1969-08-06
Krystian,Nowak,1979-10-18
Ania,Kowalski,1968-09-21
Mateusz,Nowak,1996-11-15
Krystian,Nowak,1980-02-01
Ania,Nowak,2005-12-05
Ewa,Abramowicz,1965-08-28
Ania,Lis,1978-01-27
Tomek,Lis,1967-11-10
Krystian,Nowak,1961-02-06
Krystian,Lis,1988-02-01
Ania,Nowak,1975-02-20
Ania,Kas,1994-09-28
Ewa,Kowalski,2004-06-05
Tomek,Kowalski,1967-11-02
Tomek,Kowalski,1994-12-12
Ania,Nowak,1989-07-05
Tomek,Lis,2012-12-26
Tomek,Nowak,2011-07-09
Ania,Lis,1994-11-17
Tomek,Kas,2013-04-07
Tomek,Abramowicz,2007-07-30
Ania,Kas,1984-02-16
Ania,Kas,1987-07-02
Krystian,Kowalski,1969-05-03
Ewa,Kowalski,1970-10-25
Tomek,Nowak,1981-01-18
Ania,Kas,1986-04-21
Mateusz,Nowak,1989-09-02
Mateusz,Nowak,2005-10-27
Tomek,Nowak,1986-04-08
Tomek,Kowalski,1965-01-24
Ewa,Abramowicz,1971-12-24
Tomek,Nowak,1970-10-12
Krystian,Kas,1984-12-23
Ewa,Abramowicz,1973-04-10
Ewa,Lis,1963-10-26
Tomek,Kas,1965-08-07
Mateusz,Kowalski,2006-09-16
Mateusz,Kas,2020-06-20
Mateusz,Nowak,1967-11-03
Ania,Kowalski,2017-10-19
Krystian,Lis,1996-09-15
Mateusz,Lis,1977-03-03
Tomek,Kowalski,2007-12-02
Ania,Nowak,2013-09-26
Mateusz,Nowak,1995-09-29
Mateusz,Kowalski,1969-03-21
Krystian,Kowalski,1977-04-04
Tomek,Nowak,2021-09-01
Ania,Kowalski,1986-12-27
Krystian,Kas,2008-08-31
Mateusz,Kas,1963-11-12
Mateusz,Nowak,1997-05-22
Krystian,Abramowicz,1990-01-06
Ania,Kowalski,1986-07-06
Tomek,Abramowicz,1969-10-01
Tomek,Lis,2011-01-10
Krystian,Abramowicz,2012-07-24
Ewa,Nowak,1960-01-18
Ewa,Kas,2014-07-03
Tomek,Kas,1989-06-26
Ania,Nowak,1982-06-16
Krystian,Lis,2023-12-08
Ewa,Nowak,1993-08-17
Tomek,Kas,1991-05-11
Mateusz,Lis,1992-02-09
Krystian,Nowak,1996-11-16
Mateusz,Kas,2012-05-05
Ania,Kas,1992-05-23
Ewa,Kas,2002-11-26
Ewa,Abramowicz,1971-07-07
Mateusz,Abramowicz,2010-08-20
Ewa,Kas,2005-03-05
Krystian,Kowalski,2012-10-02
Ania,Lis,2017-07-01
Tomek,Lis,1965-10-29
Ania,Abramowicz,1992-11-19
Ewa,Lis,1983-02-06
Ania,Kowalski,1998-11-10
Ewa,Kowalski,1979-08-19
Ania,Abramowicz,2022-12-10
Mateusz,Lis,2021-09-02
Tomek,Kowalski,2007-06-13
Mateusz,Nowak,1982-10-30
Tomek,Kowalski,2006-07-01
Ania,Kowalski,2015-02-03
Ewa,Kas,1988-04-05
Ewa,Abramowicz,1979-08-24
Ewa,Kas,1995-11-23
Krystian,Nowak,2020-03-26
Tomek,Lis,2005-12-18
Ewa,Nowak,2011-11-07
Ewa,Lis,1984-06-22
Tomek,Kas,1960-07-09
Ewa,Kas,1966-07-12
Ania,Abramowicz,2000-06-30
Ewa,Nowak,1970-05-17
Ania,Kowalski,2013-07-22
Ewa,Lis,2003-05-05
Ewa,Nowak,1965-12-22
Tomek,Kas,1984-10-09
Mateusz,Abramowicz,1995-07-12
Tomek,Nowak,2016-04-23
Tomek,Nowak,1991-12-26
Tomek,Kas,1966-02-01
Ewa,Kas,1977-04-26
Mateusz,Abramowicz,1999-03-27
Tomek,Abramowicz,2021-05-05
Mateusz,Kas,1978-11-27
Ania,Lis,1962-11-12
Mateusz,Abramowicz,1972-06-12
Krystian,Nowak,1973-08-13
Ewa,Abramowicz,2015-03-10
Mateusz,Kas,1965-06-13
Krystian,Kowalski,2014-11-11
Tomek,Lis,1964-05-10
Ewa,Lis,2023-03-07
Ania,Nowak,1993-03-25
Ewa,Abramowicz,1979-09-02
Tomek,Abramowicz,1961-12-01
Tomek,Kowalski,2022-09-10
Mateusz,Kowalski,2005-11-15
Krystian,Kowalski,1990-10-04
Ewa,Lis,1984-09-01
Ania,Kowalski,1994-08-24
Krystian,Nowak,1973-03-02
Ania,Nowak,1974-07-21
Tomek,Lis,2020-12-05
Ania,Lis,2015-06-01
Ewa,Kowalski,1988-02-25
Ewa,Kas,1998-12-26
Tomek,Abramowicz,1992-08-31
Mateusz,Nowak,1964-12-21
Ania,Kas,1972-10-20
Tomek,Nowak,1993-07-09
Ewa,Abramowicz,1973-10-14
Mateusz,Abramowicz,1973-05-09
Ania,Kowalski,2023-02-23
Krystian,Kowalski,2012-08-22
Krystian,Abramowicz,2018-06-07
Ewa,Lis,1968-03-03
Tomek,Nowak,2003-09-13
Ania,Kowalski,1974-08-15
Ewa,Nowak,2001-05-02
Mateusz,Abramowicz,1979-07-29
Krystian,Abramowicz,2014-05-23
Ania,Nowak,1969-03-10
Ewa,Abramowicz,1991-09-24
Mateusz,Kas,2008-12-07
Ania,Kowalski,2016-03-17
Tomek,Abramowicz,1992-03-20
Ewa,Abramowicz,1961-01-18
Ania,Lis,2019-08-21
Ania,Kas,1967-10-18
Ania,Kowalski,1975-08-08
Mateusz,Abramowicz,1976-10-04
Mateusz,Nowak,1978-11-14
Ania,Lis,2017-05-05
Ania,Lis,1983-03-27
Mateusz,Kowalski,1994-02-13
Krystian,Kowalski,1968-12-13
Krystian,Lis,2020-03-07
Ewa,Lis,1980-12-24
Tomek,Nowak,1994-05-23
Krystian,Abramowicz,2016-10-31
Krystian,Nowak,1965-07-01
Krystian,Kas,2018-08-14
Krystian,Lis,1993-11-30
Ania,Abramowicz,1979-09-12
Ania,Kas,2006-08-13
Tomek,Kowalski,2009-01-12
Mateusz,Abramowicz,2000-12-26
Mateusz,Lis,2018-11-08
Mateusz,Kas,1960-06-19
Mateusz,Lis,1969-06-13
Ewa,Nowak,2008-08-06
Krystian,Kas,1995-05-30
Mateusz,Lis,2001-09-22
Ewa,Abramowicz,1963-09-19
Mateusz,Nowak,1974-05-09
Mateusz,Lis,2006-03-11
Ania,Abramowicz,1988-03-13
Krystian,Kowalski,1971-12-03
Ania,Lis,2023-05-14
Ewa,Kas,1984-12-05
Krystian,Kowalski,2008-06-25
Krystian,Kowalski,1982-12-18
Tomek,Kowalski,1980-09-25
Mateusz,Abramowicz,1998-11-23
Ewa,Abramowicz,1982-03-03
Ania,Abramowicz,2011-12-02
Ania,Lis,1960-02-02
Ewa,Nowak,1972-03-24
Ania,Kowalski,1963-12-28
Tomek,Nowak,2015-04-15
Ania,Abramowicz,1981-08-30
Ania,Abramowicz,1983-04-07
Mateusz,Kowalski,1981-12-22
Krystian,Kowalski,1960-07-22
Ania,Abramowicz,1983-09-01
Ewa,Abramowicz,2007-01-02
Tomek,Kowalski,1980-11-12
Krystian,Abramowicz,1961-04-19
Ania,Lis,1974-07-29
Ania,Lis,2017-09-19
Mateusz,Nowak,1989-06-12
Ewa,Kas,1973-06-08
Tomek,Lis,1965-04-29
Ewa,Lis,1991-02-04
Krystian,Abramowicz,2002-05-28
Ewa,Abramowicz,2015-09-11
Tomek,Lis,1970-04-14
Ania,Nowak,1960-01-13
Tomek,Kas,2013-11-06
Krystian,Nowak,2004-05-17
Ewa,Lis,1992-06-02
Ewa,Kas,2000-10-24
Tomek,Kas,1975-08-25
Ewa,Abramowicz,1963-12-23
Krystian,Kas,2012-05-17
Tomek,Abramowicz,1988-10-11
Mateusz,Kowalski,2002-08-16
Ania,Nowak,1962-12-26
Tomek,Kas,2021-10-27
Mateusz,Kowalski,1972-07-25
Krystian,Lis,2002-01-31
Krystian,Abramowicz,2023-03-24
Tomek,Kas,2007-04-16
Ania,Nowak,1976-05-16
Ania,Lis,2010-06-11
Krystian,Kowalski,2008-07-04
Ania,Lis,2010-08-11
Ewa,Nowak,2010-09-11
Mateusz,Abramowicz,2023-06-09
Mateusz,Nowak,1996-02-26
Tomek,Lis,1978-09-03
Krystian,Kowalski,1972-06-01
Tomek,Nowak,2004-03-19
Mateusz,Abramowicz,1973-05-21
Tomek,Kas,1996-01-03
Ewa,Nowak,1960-08-27
Ania,Kas,2010-02-14
Mateusz,Abramowicz,2013-07-10
Tomek,Abramowicz,1997-06-19
Mateusz,Kas,2010-05-29
Krystian,Abramowicz,1966-07-19
Mateusz,Lis,1971-05-15
Mateusz,Abramowicz,1995-03-19
Krystian,Kas,2021-02-28
Tomek,Kas,1966-08-31
Ania,Lis,1982-07-14
Ewa,Abramowicz,2015-04-24
Tomek,Nowak,1971-02-24
Mateusz,Kas,1987-05-20
Ewa,Lis,1966-04-14
Krystian,Kowalski,1962-08-10
Ewa,Nowak,2006-02-12
Mateusz,Nowak,1961-08-01
Tomek,Abramowicz,2021-10-15
Ania,Abramowicz,1974-09-15
Krystian,Kas,1961-12-08
Ania,Lis,1974-07-08
Ania,Nowak,1987-01-31
Mateusz,Kas,2007-01-31
Ewa,Abramowicz,1973-03-09
Ania,Nowak,1998-06-10
Mateusz,Nowak,1979-04-23
Mateusz,Kas,1985-09-05
Tomek,Abramowicz,1983-09-04
Ewa,Nowak,2001-12-23
Mateusz,Abramowicz,1989-09-13
Krystian,Kowalski,1975-06-01
Ewa,Lis,1968-04-04
Ania,Lis,1970-03-02
Mateusz,Kas,1964-02-15
Tomek,Kas,1990-05-21
Tomek,Kas,2020-02-20
Ewa,Kowalski,1995-02-15
Tomek,Nowak,1997-03-22
Ania,Nowak,1990-03-02
Ania,Nowak,1993-01-27
Mateusz,Kas,2002-09-24
Ewa,Lis,2016-02-23
Ania,Kowalski,1997-07-09
Krystian,Kowalski,1968-12-23
Mateusz,Lis,1972-11-02
Mateusz,Nowak,2003-12-20
Tomek,Abramowicz,1990-09-22
Tomek,Nowak,2007-11-13
Ewa,Lis,1989-12-26
Ewa,Nowak,2015-06-18
Ania,Lis,1998-09-15
Ewa,Kas,1998-12-27
Ania,Kowalski,2006-02-05
Krystian,Kas,1967-09-16
Tomek,Lis,1983-08-30
Ania,Abramowicz,1980-01-28
Ewa,Nowak,2004-06-13
Krystian,Nowak,1969-02-04
Tomek,Abramowicz,1982-11-27
Mateusz,Nowak,2020-02-15
Krystian,Kowalski,1990-09-25
Ewa,Lis,2020-02-02
Ania,Abramowicz,1963-09-21
Ewa,Lis,1984-04-08
Tomek,Kowalski,1968-07-04
Ewa,Lis,1975-05-30
Mateusz,Kas,2002-08-08
Tomek,Lis,1976-11-19
Tomek,Kowalski,2019-05-15
Tomek,Abramowicz,1972-07-03
Mateusz,Nowak,1981-08-09
Krystian,Abramowicz,1979-09-10
Ania,Lis,1987-07-18
Tomek,Kas,1974-03-08
Ania,Kas,1996-05-09
Tomek,Nowak,1963-02-09
Krystian,Abramowicz,2008-07-26
Tomek,Nowak,1978-03-31
Ania,Abramowicz,2018-08-23
Tomek,Abramowicz,1988-09-22
Tomek,Nowak,2000-02-18
Tomek,Lis,2001-01-29
Krystian,Kas,1984-09-18
Ewa,Kas,1962-09-23
Tomek,Abramowicz,1964-04-12
Krystian,Kowalski,2012-10-14
Ania,Lis,1973-06-05
Ewa,Nowak,2004-02-15
Tomek,Nowak,2020-02-18
Krystian,Kas,1986-12-07
Ewa,Abramowicz,1985-11-19
Ewa,Nowak,1990-12-11
Ewa,Nowak,1977-09-25
Mateusz,Kas,1962-07-27
Tomek,Kas,2012-04-15
Ania,Abramowicz,1972-07-20
Krystian,Kas,1973-04-04
Ewa,Kas,2017-12-29
Ania,Lis,2009-04-28
Ewa,Abramowicz,2007-02-14
Ewa,Lis,1969-01-10
Tomek,Lis,1997-05-03
Ania,Lis,1963-11-03
Ania,Abramowicz,2004-04-07
Krystian,Abramowicz,1976-03-17
Ewa,Lis,1973-05-14
Tomek,Kas,1968-04-11
Ewa,Kowalski,1997-02-06
Ewa,Nowak,1960-02-27
Krystian,Kas,1962-02-23
Tomek,Nowak,2013-01-31
Mateusz,Kowalski,1964-06-06
Ewa,Lis,1976-08-25
Krystian,Abramowicz,1962-09-05
Ania,Kowalski,1969-09-05
Ania,Abramowicz,2002-05-23
Ania,Kowalski,1976-04-05
Tomek,Abramowicz,2005-11-10
Ania,Nowak,2009-01-01
Ania,Lis,1971-04-11
Ania,Lis,1970-02-03
Ania,Abramowicz,2014-03-26
Krystian,Kas,2018-03-23
Tomek,Abramowicz,1962-02-17
Krystian,Kowalski,2018-04-27
Krystian,Abramowicz,1974-05-03
Tomek,Lis,1961-02-28
Ania,Kas,1965-02-21
Mateusz,Kowalski,1980-09-21
Ania,Kowalski,1961-06-24
Ania,Nowak,1978-08-18
Ania,Abramowicz,1966-12-17
Tomek,Nowak,1997-09-30
Ewa,Lis,1991-01-13
Ania,Kas,2009-11-02
Mateusz,Lis,1977-12-29
Krystian,Kowalski,1985-10-28
Tomek,Kas,1992-10-27
Krystian,Kowalski,2001-10-16
Ania,Kowalski,2006-06-18
Ania,Kas,1969-08-21
Ewa,Kowalski,1987-01-17
Krystian,Abramowicz,1978-09-12
Ewa,Kas,1990-06-05
Krystian,Kowalski,1996-12-30
Mateusz,Abramowicz,1968-12-22
Tomek,Abramowicz,2016-01-16
Ania,Kowalski,1964-09-20
Ewa,Lis,1981-05-08
Krystian,Lis,1975-07-12
Ania,Nowak,1973-02-24
Tomek,Nowak,1984-01-10
Tomek,Abramowicz,2010-07-29
Ewa,Kowalski,1970-06-14
Krystian,Abramowicz,2001-07-20
Ewa,Kas,1965-09-21
Krystian,Kas,2019-07-03
Tomek,Lis,2018-01-03
Krystian,Lis,2008-05-30
Mateusz,Nowak,2021-02-21
Mateusz,Kowalski,1981-03-10
Tomek,Lis,2003-05-05
Ewa,Nowak,1964-08-07
Ewa,Kowalski,1985-05-31
Mateusz,Kas,2003-05-24
Ewa,Abramowicz,2011-09-18
Mateusz,Kas,1983-01-01
Ania,Kas,1966-11-19
Mateusz,Nowak,1983-08-14
Mateusz,Nowak,1990-08-08
Mateusz,Kowalski,1977-02-22
Ania,Kas,2001-09-06
Krystian,Kas,1975-05-22
Krystian,Kowalski,1973-11-29
Tomek,Lis,1982-07-08
Ewa,Nowak,1968-01-05
Tomek,Kas,1997-03-16
Tomek,Nowak,1979-03-16
Ewa,Nowak,2012-04-26
Tomek,Nowak,2010-03-28
Tomek,Kas,2018-02-22
Tomek,Nowak,2022-05-27
Tomek,Abramowicz,2008-10-01
Mateusz,Kowalski,1980-05-01
Tomek,Lis,1991-01-11
Ania,Kas,1960-11-05
Ania,Abramowicz,1977-12-12
Ewa,Kowalski,1971-08-22
Tomek,Kas,1969-06-27
Mateusz,Kowalski,1997-10-02
Ania,Abramowicz,2018-03-02
Tomek,Lis,2014-11-30
Tomek,Kas,2001-01-01
Mateusz,Kas,2015-10-30
Ania,Kowalski,1971-08-09
Tomek,Lis,2013-06-26
Ania,Kas,2012-05-23
Krystian,Nowak,1981-07-23
Tomek,Abramowicz,1994-08-11
Ewa,Abramowicz,1991-07-09
Krystian,Abramowicz,1965-09-11
Ewa,Kas,1993-01-30
Ewa,Nowak,1971-11-18
Ewa,Abramowicz,1968-04-05
Ania,Nowak,1996-06-16
Tomek,Lis,2021-11-25
Mateusz,Lis,1995-02-28
Krystian,Kas,1983-07-03
Ewa,Lis,1984-10-07
Mateusz,Lis,1990-06-02
Krystian,Kowalski,1967-07-06
Ania,Kowalski,1990-10-15
Ania,Abramowicz,1996-11-05
Ania,Abramowicz,2006-04-15
Mateusz,Kas,2014-02-06
Ania,Lis,1986-11-27
Ania,Lis,2005-05-25
Mateusz,Kowalski,1961-02-02
Tomek,Nowak,2015-01-28
Krystian,Kowalski,1987-10-15
Ewa,Lis,2022-09-29
Ewa,Kas,2013-10-07
Ewa,Abramowicz,1994-02-26
Tomek,Abramowicz,2013-10-20
Krystian,Kas,1974-04-20
Mateusz,Kas,2013-01-02
Krystian,Kowalski,2019-10-30
Krystian,Abramowicz,2023-11-24
Krystian,Kas,1995-08-19
Tomek,Nowak,2006-03-19
Tomek,Kowalski,2017-04-20
Ania,Kowalski,1980-03-22
Ania,Nowak,1997-08-04
Ewa,Kas,2003-09-23
Krystian,Lis,1983-08-08
Mateusz,Kas,1997-04-15
Krystian,Abramowicz,2018-07-27
Tomek,Lis,1996-03-31
Tomek,Nowak,2022-12-01
Krystian,Kowalski,2008-09-17
Ewa,Nowak,2002-10-06
Tomek,Lis,2002-04-10
Ewa,Kas,1979-06-07
Krystian,Nowak,1960-01-05
Krystian,Nowak,1976-05-09
Mateusz,Nowak,2004-07-16
Krystian,Kas,1993-09-17
Mateusz,Kas,1989-11-14
Ewa,Nowak,2013-03-10
Krystian,Lis,1972-12-25
Krystian,Kas,1993-09-17
Krystian,Nowak,1970-01-20
Krystian,Lis,1976-08-16
Krystian,Nowak,1997-08-11
Tomek,Kas,1992-01-26
Mateusz,Kowalski,1973-12-28
Tomek,Abramowicz,1984-09-05
Tomek,Nowak,1969-06-04
Krystian,Lis,1977-05-20
Krystian,Kowalski,2005-07-08
Tomek,Abramowicz,1979-10-17
Ania,Kas,1961-11-10
Krystian,Lis,2008-06-05
Tomek,Kas,1967-03-18
Krystian,Nowak,1988-09-14
Krystian,Kowalski,2019-05-01
Ewa,Lis,2002-08-21
Ewa,Kas,1995-02-05
Ania,Lis,1993-01-26
Ewa,Abramowicz,2011-09-23
Krystian,Kowalski,1982-05-12
Ania,Kowalski,1983-01-28
Ewa,Kas,1969-07-10
Ania,Kowalski,1970-04-05
Krystian,Lis,1978-08-30
Mateusz,Nowak,1992-04-05
Mateusz,Kas,2010-06-14
Mateusz,Nowak,2000-04-19
Tomek,Nowak,1986-05-09
Krystian,Kas,2023-12-29
Krystian,Nowak,1990-10-05
Mateusz,Abramowicz,2020-04-05
Ania,Lis,1983-01-01
Ania,Abramowicz,2019-09-04
Ania,Kowalski,2013-02-15
Ania,Lis,1980-11-22
Mateusz,Lis,1972-09-20
Krystian,Abramowicz,2021-04-14
Mateusz,Abramowicz,1971-06-09
Ania,Lis,1986-07-02
Mateusz,Lis,1982-02-25
Ania,Lis,1973-03-08
Krystian,Nowak,1978-06-16
Ania,Lis,1983-03-12
Tomek,Kas,1990-02-19
Mateusz,Kas,1999-06-17
Krystian,Abramowicz,1976-02-27
Mateusz,Abramowicz,2021-05-30
Krystian,Kas,2015-04-26
Ania,Kowalski,2014-01-04
Ania,Lis,1995-03-31
Tomek,Kas,1995-02-06
Ania,Kas,2008-06-14
Ewa,Abramowicz,2020-10-19
Ewa,Kowalski,2021-09-25
Ania,Abramowicz,1990-04-03
Ewa,Lis,1960-12-05
Ewa,Nowak,1989-01-28
Ewa,Lis,1971-01-19
Mateusz,Nowak,2020-03-11
Krystian,Lis,2019-12-30
Ania,Lis,2008-06-02
Ewa,Nowak,1985-04-18
Krystian,Nowak,1997-09-03
Ania,Abramowicz,2023-12-02
Mateusz,Kowalski,2004-05-20
Krystian,Nowak,2014-10-21
Ania,Kowalski,2008-02-10
Tomek,Abramowicz,1971-05-14
Mateusz,Lis,1983-10-17
Ewa,Kas,1990-02-18
Ania,Lis,2009-11-14
Krystian,Kowalski,1985-01-27
Ania,Lis,1992-04-23
Ewa,Nowak,1985-10-12
Krystian,Nowak,1971-07-30
Tomek,Kas,2023-09-28
Ania,Kas,1977-04-04
Ania,Kowalski,2017-11-13
Mateusz,Abramowicz,2007-04-15
Mateusz,Nowak,1986-12-03
Krystian,Lis,1974-05-20
Krystian,Abramowicz,1994-04-18
Mateusz,Abramowicz,1961-05-26
Ewa,Abramowicz,1999-06-15
Ewa,Abramowicz,1966-12-31
Krystian,Kas,2022-07-18
Tomek,Nowak,2007-06-07
Ania,Abramowicz,1996-02-23
Ania,Nowak,1970-06-24
Krystian,Nowak,1995-03-10
Tomek,Lis,1980-05-22
Ania,Kas,2007-11-05
Ania,Lis,1967-07-22
Krystian,Abramowicz,1965-06-27
Krystian,Abramowicz,2022-01-01
Ewa,Nowak,1965-12-16
Krystian,Lis,2008-10-19
Tomek,Nowak,1984-09-22
Krystian,Kowalski,1992-03-28
Mateusz,Lis,1978-03-12
Ewa,Abramowicz,1993-10-20
Krystian,Abramowicz,1988-06-30
Mateusz,Kowalski,2005-06-09
Mateusz,Kowalski,1988-05-14
Mateusz,Kowalski,1990-07-26
Ewa,Kowalski,2007-05-29
Tomek,Kas,2022-12-16
Krystian,Kowalski,1987-11-19
Mateusz,Lis,2015-11-10
Ania,Kowalski,1962-11-29
Ewa,Lis,2006-04-21
Ania,Nowak,1975-07-27
Ania,Lis,1982-05-24
Tomek,Abramowicz,1972-03-17
Tomek,Nowak,1992-08-09
Ania,Kas,1981-02-15
Mateusz,Kas,1995-05-19
Krystian,Nowak,2015-11-17
Tomek,Abramowicz,1988-06-19
Krystian,Nowak,2011-12-28
Tomek,Nowak,1972-04-30
Krystian,Kowalski,2008-02-03
Krystian,Abramowicz,2015-06-11
Mateusz,Abramowicz,1961-07-01
Ewa,Kowalski,2000-02-02
Mateusz,Kas,1965-11-10
Ewa,Kowalski,1992-01-09
Ania,Nowak,2008-07-27
Ewa,Abramowicz,2009-11-26
Tomek,Nowak,1964-11-07
Krystian,Nowak,1964-06-06
Ania,Nowak,1984-10-15
Mateusz,Lis,1998-10-11
Mateusz,Kowalski,1989-12-08
Krystian,Kowalski,2022-01-08
Ania,Lis,1992-04-29
Tomek,Kas,1984-10-16
Mateusz,Kas,2013-03-14
Ania,Kowalski,2014-03-26
Krystian,Abramowicz,1960-05-23
Krystian,Kowalski,1979-03-01
Ania,Nowak,1966-01-10
Mateusz,Abramowicz,1965-02-05
Ewa,Abramowicz,2001-12-08
Ania,Kowalski,2002-12-22
Tomek,Lis,2005-07-30
Ania,Nowak,2012-02-19
Tomek,Kowalski,2002-05-12
Ewa,Kas,1976-07-26
Ania,Nowak,1976-10-01
Mateusz,Abramowicz,1993-02-18
Mateusz,Abramowicz,1983-01-24
Krystian,Nowak,1966-06-04
Ania,Lis,2019-06-05
Ania,Kowalski,1976-03-16
Mateusz,Nowak,1977-06-22
Ania,Kowalski,2000-08-05
Ewa,Kowalski,2008-07-14
Mateusz,Lis,1966-08-10
Ewa,Kas,2010-10-22
Tomek,Kas,2007-08-16
Tomek,Kowalski,2009-10-17
Ewa,Kowalski,1987-09-07
Tomek,Kas,1965-06-06
Tomek,Abramowicz,1977-04-03
Ewa,Kas,2011-08-21
Tomek,Lis,1966-12-11
Tomek,Nowak,1995-04-19
Krystian,Abramowicz,1966-11-07
Ewa,Kas,2003-06-23
Krystian,Kas,2019-05-13
Ewa,Kowalski,2002-01-11
Krystian,Lis,1981-08-24
Mateusz,Abramowicz,1990-12-24
Tomek,Kowalski,1998-06-01
Mateusz,Abramowicz,1993-10-29
Mateusz,Abramowicz,2013-07-07
Ewa,Kowalski,1994-01-27
Mateusz,Kowalski,2002-11-09
Ewa,Kas,1989-03-09
Krystian,Lis,2022-08-26
Ania,Kas,1987-11-11
Ania,Kas,1969-01-02
Tomek,Kowalski,1963-08-02
Ania,Kas,1984-12-17
Mateusz,Abramowicz,2006-02-10
Ania,Lis,1970-04-12
Tomek,Nowak,1985-09-25
Krystian,Kas,1980-10-23
Ewa,Kowalski,1962-10-15
Krystian,Nowak,2006-04-05
Ewa,Kas,1998-01-01
Ania,Abramowicz,2011-03-10
Tomek,Kas,1985-12-09
Mateusz,Lis,2019-11-14
Ania,Kas,1963-01-14
Krystian,Lis,1960-10-11
Tomek,Lis,2016-03-16
Ania,Kowalski,1995-12-18
Tomek,Lis,2004-12-10
Ewa,Kas,1991-06-03
Ania,Kas,1995-05-02
Ewa,Abramowicz,2009-07-23
Ewa,Abramowicz,1965-08-02
Krystian,Kas,1992-10-10
Mateusz,Nowak,2000-03-23
Ania,Lis,1961-01-21
Ewa,Lis,1979-11-21
Mateusz,Kas,1978-01-19
Ewa,Lis,1986-03-16
Tomek,Nowak,2017-12-15
Tomek,Kowalski,2010-04-01
Ania,Kowalski,1965-01-04
Tomek,Abramowicz,1971-06-11
Ania,Nowak,1980-08-20
Ewa,Kowalski,2013-08-26
Tomek,Nowak,2015-02-10
Ewa,Lis,2011-07-20
Krystian,Kas,1969-06-04
Mateusz,Lis,1994-06-03
Mateusz,Nowak,1974-12-15
Ewa,Abramowicz,1986-04-18
Ania,Kowalski,1989-08-28
Krystian,Abramowicz,1970-12-08
Ania,Kowalski,1997-11-30
Ewa,Nowak,1982-06-02
Mateusz,Kowalski,1995-01-13
Ania,Lis,1997-02-27
Tomek,Nowak,1961-04-12
Ewa,Lis,2006-11-08
Krystian,Kowalski,1968-08-21
Ania,Abramowicz,1994-10-12
Tomek,Nowak,1989-11-14
Tomek,Abramowicz,1963-05-06
Tomek,Nowak,1973-04-17
Ewa,Kas,2012-12-21
Ewa,Abramowicz,1996-08-04
Mateusz,Kas,1999-11-11
Ewa,Kas,2001-10-30
Ewa,Lis,2011-07-08
Mateusz,Kowalski,2011-10-11
Mateusz,Abramowicz,1963-04-23
Tomek,Kowalski,1965-06-14
Ewa,Kas,1985-03-12
Tomek,Lis,2023-10-04
Tomek,Abramowicz,1987-04-12
Tomek,Kas,1971-06-27
Ania,Lis,1961-08-04
Ewa,Kas,1989-10-20
Ewa,Lis,1989-04-04
Mateusz,Lis,1960-02-05
Krystian,Kas,1984-02-14
Ewa,Kas,1995-04-20
Tomek,Kowalski,2023-04-03
Ania,Lis,1991-10-01
Ania,Lis,2003-02-18
Ania,Abramowicz,1985-07-16
Krystian,Kowalski,2005-01-08
Tomek,Nowak,1974-01-26
Krystian,Kas,1970-04-09
Ewa,Lis,1982-01-15
Krystian,Abramowicz,2011-05-02
Mateusz,Lis,1988-11-16
Ewa,Abramowicz,2015-09-28
Krystian,Nowak,1966-07-31
Ewa,Kas,1971-11-22
Ania,Kowalski,1994-10-05
Ewa,Kas,2020-07-11
Tomek,Lis,1980-01-03
Ewa,Kowalski,1971-07-12
Ewa,Kas,1982-10-10
Ewa,Kowalski,2020-08-17
Krystian,Lis,1964-03-02
Ania,Kas,1972-03-07
Ewa,Lis,1975-07-30
Krystian,Kas,2020-08-28
Ania,Lis,1999-04-26
Ewa,Abramowicz,1992-04-26
Krystian,Kas,1987-05-01
Ewa,Abramowicz,1972-07-07
Ewa,Kas,1980-12-21
Mateusz,Abramowicz,2006-10-24
Mateusz,Kowalski,1973-03-15
Tomek,Lis,2004-02-15
Mateusz,Kowalski,1972-12-03
Ania,Abramowicz,1964-09-07
Tomek,Kowalski,2013-05-01
Ewa,Kowalski,2019-12-27
Ania,Abramowicz,1964-11-06
Mateusz,Kas,1981-02-07
Ania,Abramowicz,2004-03-30
Ania,Kowalski,1966-01-14
Ania,Kowalski,1992-10-21
Ania,Abramowicz,1983-05-01
Krystian,Nowak,2015-08-10
Tomek,Kowalski,1995-06-26
Mateusz,Kowalski,1972-04-10
Krystian,Abramowicz,1985-09-08
Mateusz,Kas,2003-03-08
Ania,Kas,1992-08-31
Ewa,Kowalski,1988-02-12
Ewa,Kas,1994-12-19
Ania,Kowalski,2001-06-28
Krystian,Kas,2005-10-22
Tomek,Kas,2008-04-02
Ewa,Abramowicz,1962-08-21
Ania,Abramowicz,1998-03-20
Ewa,Abramowicz,2005-01-25
Mateusz,Nowak,2020-11-26
Tomek,Kas,1964-06-23
Mateusz,Nowak,1981-08-30
Ewa,Abramowicz,1974-05-15
Tomek,Abramowicz,2023-09-26
Krystian,Nowak,1983-11-16
Tomek,Abramowicz,2015-02-18
Tomek,Nowak,1981-09-19
Mateusz,Nowak,1962-07-28
Tomek,Kas,1991-11-04
Ewa,Kowalski,1960-11-22
Mateusz,Nowak,1998-09-17
Tomek,Kowalski,1983-02-11
Krystian,Lis,2014-07-20
Ewa,Abramowicz,1978-05-18
Tomek,Kas,1960-07-24
Mateusz,Lis,1978-01-14
Ewa,Lis,1961-04-11
Krystian,Kas,1963-08-08
Mateusz,Lis,1999-01-29
Mateusz,Lis,2004-12-17
Mateusz,Nowak,1966-04-05
Krystian,Kas,1968-09-14
Krystian,Nowak,1976-05-08
Tomek,Nowak,1998-02-16
Tomek,Lis,1999-06-26
Krystian,Nowak,1994-01-03
Krystian,Nowak,1977-02-21
Ewa,Kas,1989-10-02
Ania,Kowalski,2020-03-28
Mateusz,Lis,1984-04-11
Ania,Kowalski,2011-06-19
Ewa,Abramowicz,1985-06-30
Krystian,Lis,2007-12-07
Ania,Abramowicz,2004-01-04
Ania,Kas,1982-06-13
Ania,Abramowicz,2006-10-07
Krystian,Abramowicz,2014-08-15
Krystian,Lis,2012-07-31
Tomek,Lis,2022-05-14
Mateusz,Nowak,1975-08-07
Mateusz,Nowak,2007-05-22
Mateusz,Kas,1974-11-03
Mateusz,Nowak,1975-10-13
Ania,Kas,1975-02-20
Krystian,Lis,1974-02-10
Tomek,Abramowicz,1960-02-27
Mateusz,Nowak,1970-12-20
Mateusz,Kowalski,1978-12-31
Ania,Abramowicz,2022-10-19
Mateusz,Lis,1966-11-13
Krystian,Kas,2021-02-27
Krystian,Kas,1969-12-24
Mateusz,Lis,2004-12-09
Krystian,Lis,1966-11-27
Ania,Kowalski,1989-06-16
Ania,Nowak,2008-09-07
Krystian,Abramowicz,1987-04-17
Mateusz,Abramowicz,2004-10-06
Mateusz,Lis,2008-07-04
Mateusz,Lis,1973-08-24
Ania,Abramowicz,1996-08-05
Tomek,Lis,1995-02-03
Mateusz,Kowalski,2021-01-10
Ewa,Kas,1970-09-20
Ania,Abramowicz,1961-05-29
Ania,Lis,1991-12-03
Ania,Nowak,2021-09-26
Krystian,Nowak,2007-11-06
Tomek,Kowalski,1992-04-01
Ewa,Nowak,1994-10-17
Tomek,Nowak,1998-09-21
Ania,Lis,1961-10-23
Ania,Nowak,2000-07-20
Krystian,Kowalski,2007-09-02
Krystian,Lis,1994-01-10
Ewa,Lis,1991-08-30
Tomek,Abramowicz,2013-09-08
Ania,Kas,1973-01-17
Mateusz,Kowalski,2021-12-04
Krystian,Nowak,1993-11-22
Ania,Nowak,2010-01-08
Ewa,Nowak,1985-08-20
Ewa,Abramowicz,1998-06-18
Tomek,Lis,1976-09-30
Ania,Kas,2010-10-16
Ewa,Abramowicz,1967-07-04
Tomek,Abramowicz,1999-08-29
Mateusz,Nowak,1991-11-28
Ania,Nowak,2010-12-04
Tomek,Abramowicz,1995-01-12
Tomek,Abramowicz,2013-04-12
Mateusz,Abramowicz,2003-01-13
Mateusz,Abramowicz,1993-01-28
Ania,Kas,1983-03-03
Krystian,Nowak,2014-01-21
Tomek,Kowalski,2009-08-06
Mateusz,Lis,1986-07-01
Ewa,Kas,1980-06-23
Mateusz,Nowak,2018-09-17
Tomek,Abramowicz,2017-09-09
Tomek,Lis,2020-07-09
Krystian,Kowalski,1999-07-15
Ania,Abramowicz,1992-11-19
Krystian,Lis,1996-03-25
Ania,Abramowicz,2023-03-20
Krystian,Abramowicz,1969-05-04
Tomek,Kowalski,1973-10-06
Mateusz,Lis,1967-07-20
Ewa,Abramowicz,2010-10-04
Ewa,Kowalski,1980-02-15
Ania,Abramowicz,1962-10-01
Ania,Lis,2008-05-14
Ania,Kas,1964-12-19
Ewa,Lis,2018-05-04
Krystian,Nowak,1994-08-11
Mateusz,Abramowicz,1999-08-30
Krystian,Kas,1997-10-09
Ewa,Lis,1989-04-13
Mateusz,Kas,1980-10-24
